Func	Gene	ExonicFunc	AAChange	OAF	1000g2012apr_ALL	dbSNP137	Chr	Start	End	Ref	Obs	PhyloP	PhyloP prediction	SIFT	SIFT prediction	PolyPhen2	PolyPhen2 prediction	LRT	LRT prediction	MT	MT prediction
exonic	VAPA	nonsynonymous SNV	VAPA:NM_003574:exon5:c.A457G:p.M153V	0.0792	0.08	rs29132	18	9944960	9944960	A	G	3.9E-5	N	0.692003	NA	0.0	B	0.069086	N	3.1E-5	N	18|000009944960|A|G
exonic	PIEZO2	nonsynonymous SNV	PIEZO2:NM_022068:exon40:c.C6149A:p.A2050D	0.0693	0.08	rs113682091	18	10699129	10699129	G	T											18|000010699129|G|T
exonic	CEP192	nonsynonymous SNV	CEP192:NM_032142:exon19:c.A3326C:p.Q1109P	0.0594	0.01	rs11080623	18	13055915	13055915	A	C	0.840423	N	1.0	D	0.843	P	0.907644	N	0.063217	N	18|000013055915|A|C
exonic	POTEC	nonsynonymous SNV	POTEC:NM_001137671:exon3:c.G640A:p.V214I	0.0990	0.06	rs148283099	18	14537970	14537970	C	T											18|000014537970|C|T
exonic	APCDD1	nonsynonymous SNV	APCDD1:NM_153000:exon3:c.G448A:p.V150I	0.1584	0.10	rs3748415	18	10471732	10471732	G	A	0.99944	C	0.59	T	0.0	B	0.999703	D	0.351718	P	18|000010471732|G|A
exonic	PIEZO2	nonsynonymous SNV	PIEZO2:NM_022068:exon47:c.G7387A:p.V2463I	0.1733	0.14	rs3748428	18	10681711	10681711	C	T	0.998254	C	0.42	T	0.0090	B	0.99563	N	1.8E-5	P	18|000010681711|C|T
exonic	PIEZO2	nonsynonymous SNV	PIEZO2:NM_022068:exon23:c.G3443T:p.C1148F	0.1733	0.14	rs35033671	18	10759840	10759840	C	A											18|000010759840|C|A
exonic	MPPE1	nonsynonymous SNV	MPPE1:NM_023075:exon9:c.G802C:p.A268P	0.1782	0.49	rs662515	18	11886563	11886563	C	G	0.963778	C	0.65	T	0.0	B	0.999707	N	4.6E-5	P	18|000011886563|C|G
exonic	SEH1L	nonsynonymous SNV	SEH1L:NM_001013437:exon8:c.C1025A:p.T342N,SEH1L:NM_031216:exon8:c.C1025A:p.T342N	0.6386	0.75	rs6505776	18	12984144	12984144	C	A	0.16217	N	0.45	T	0.0	B	0.996547	N	6.0E-6	P	18|000012984144|C|A
exonic	CEP192	nonsynonymous SNV	CEP192:NM_032142:exon3:c.G221C:p.G74A	0.4703	0.46	rs4499304	18	13001512	13001512	G	C											18|000013001512|G|C
exonic	CEP192	nonsynonymous SNV	CEP192:NM_032142:exon3:c.G232A:p.G78R	0.3960	0.31	rs11080618	18	13001523	13001523	G	A											18|000013001523|G|A
exonic	CEP192	nonsynonymous SNV	CEP192:NM_032142:exon23:c.T4654C:p.S1552P	0.6485	0.74	rs578208	18	13068132	13068132	T	C	0.981165	C	0.26	T	0.0	B	1.0	N	4.0E-6	P	18|000013068132|T|C
exonic	CEP192	nonsynonymous SNV	CEP192:NM_032142:exon27:c.C5101T:p.L1701F	0.6436	0.75	rs6505780	18	13069782	13069782	C	T	0.963443	C	0.6	T	0.0	B	0.999998	N	4.0E-6	P	18|000013069782|C|T
exonic	CEP192	nonsynonymous SNV	CEP192:NM_032142:exon35:c.T6362C:p.L2121P	0.6485	0.75	rs474337	18	13095609	13095609	T	C	0.930981	N	0.73	T	0.0	B	0.993328	N	7.0E-6	P	18|000013095609|T|C
exonic	CEP192	nonsynonymous SNV	CEP192:NM_032142:exon43:c.G7346T:p.R2449L	0.6386	0.75	rs1786263	18	13116432	13116432	G	T	0.951138	C	0.57	T	0.0	B	0.999979	N	1.2E-5	P	18|000013116432|G|T
exonic	ZNF519	nonsynonymous SNV	ZNF519:NM_145287:exon3:c.A616G:p.K206E	0.9901	0.98	rs2159940	18	14105923	14105923	T	C	0.07961	N	0.0	T	0.0	B	0.616646	NA	9.0E-6	N	18|000014105923|T|C
exonic	ZNF519	nonsynonymous SNV	ZNF519:NM_145287:exon3:c.A500G:p.N167S	0.1881	0.21	rs62086326	18	14106039	14106039	T	C	0.928555	N	0.3	T	0.0070	B	0.837788	NA	3.55E-4	N	18|000014106039|T|C
exonic	POTEC	nonsynonymous SNV	POTEC:NM_001137671:exon5:c.C1010G:p.S337C	0.4059		rs199815986	18	14533105	14533105	G	C											18|000014533105|G|C
exonic	POTEC	nonsynonymous SNV	POTEC:NM_001137671:exon1:c.G355A:p.A119T	0.3861		rs201849570	18	14542791	14542791	C	T											18|000014542791|C|T
exonic	POTEC	nonsynonymous SNV	POTEC:NM_001137671:exon1:c.C256G:p.H86D	0.3861	0.30	rs45469098	18	14542890	14542890	G	C											18|000014542890|G|C
exonic	POTEC	nonsynonymous SNV	POTEC:NM_001137671:exon1:c.T167C:p.M56T	0.4703	0.49	rs200806970	18	14542979	14542979	A	G											18|000014542979|A|G
exonic	POTEC	nonsynonymous SNV	POTEC:NM_001137671:exon1:c.A107G:p.K36R	0.1782		rs45570841	18	14543039	14543039	T	C											18|000014543039|T|C
exonic	POTEC	nonsynonymous SNV	POTEC:NM_001137671:exon1:c.A7G:p.T3A	0.9505	0.78	rs28535987	18	14543139	14543139	T	C											18|000014543139|T|C
exonic	ANKRD30B	nonsynonymous SNV	ANKRD30B:NM_001145029:exon36:c.C4035A:p.N1345K	0.9802	0.97	rs12386087	18	14852335	14852335	C	A											18|000014852335|C|A
exonic	ROCK1	nonsynonymous SNV	ROCK1:NM_005406:exon31:c.C3649G:p.Q1217E	0.2228		rs201390233	18	18534948	18534948	G	C	0.999529	C	0.21	T	0.0010	B	0.999999	D	0.896868	D	18|000018534948|G|C
exonic	TMEM241	nonsynonymous SNV	TMEM241:NM_032933:exon7:c.C391T:p.L131F	0.5050	0.45	rs8099409	18	20953720	20953720	G	A	0.850731	N	0.66	T	0.0	B	0.998021	N	2.4E-5	P	18|000020953720|G|A
exonic	NPC1	nonsynonymous SNV	NPC1:NM_000271:exon17:c.A2572G:p.I858V	0.4752	0.50	rs1805082	18	21120444	21120444	T	C	0.998639	C	0.76	T	0.031	B	1.0	D	0.998514	P	18|000021120444|T|C
exonic	NPC1	nonsynonymous SNV	NPC1:NM_000271:exon12:c.G1926C:p.M642I	0.6040	0.82	rs1788799	18	21124945	21124945	C	G	0.994988	C	0.0	T	0.0	B	1.0	N	1.0E-6	P	18|000021124945|C|G
exonic	NPC1	nonsynonymous SNV	NPC1:NM_000271:exon6:c.A644G:p.H215R	0.4208	0.24	rs1805081	18	21140432	21140432	T	C	0.764511	N	0.41	T	0.0	B	0.758044	N	0.074952	P	18|000021140432|T|C
exonic	LAMA3	nonsynonymous SNV	LAMA3:NM_001127718:exon27:c.C3450A:p.N1150K,LAMA3:NM_000227:exon28:c.C3618A:p.N1206K,LAMA3:NM_001127717:exon64:c.C8277A:p.N2759K,LAMA3:NM_198129:exon65:c.C8445A:p.N2815K	0.2228	0.16	rs1154232	18	21511034	21511034	C	A	0.922022	N	0.58	T	0.02	B	0.826298	NA	0.004074	P	18|000021511034|C|A
exonic	LAMA3	nonsynonymous SNV	LAMA3:NM_001127718:exon27:c.A3505G:p.S1169G,LAMA3:NM_000227:exon28:c.A3673G:p.S1225G,LAMA3:NM_001127717:exon64:c.A8332G:p.S2778G,LAMA3:NM_198129:exon65:c.A8500G:p.S2834G	1.0000	1.00	rs1154233	18	21511089	21511089	A	G	0.019632	N	0.74	T	0.0	B	0.669139	NA	0.679695	D	18|000021511089|A|G
